"Date and Time Run 1","Time (s) Run 1","Temperature (°C) Run 1"
03/18/2026 08:19:07 pm,0.000,24.4
03/18/2026 08:19:07 pm,0.500,24.4
03/18/2026 08:19:08 pm,1.000,24.3
03/18/2026 08:19:08 pm,1.500,24.4
03/18/2026 08:19:09 pm,2.000,24.4
03/18/2026 08:19:09 pm,2.500,24.4
03/18/2026 08:19:10 pm,3.000,24.3
03/18/2026 08:19:10 pm,3.500,24.3
03/18/2026 08:19:11 pm,4.000,24.4
03/18/2026 08:19:11 pm,4.500,24.4
03/18/2026 08:19:12 pm,5.000,24.4
03/18/2026 08:19:12 pm,5.500,24.4
03/18/2026 08:19:13 pm,6.000,24.3
03/18/2026 08:19:13 pm,6.500,24.3
03/18/2026 08:19:14 pm,7.000,24.3
03/18/2026 08:19:14 pm,7.500,24.3
03/18/2026 08:19:15 pm,8.000,24.4
03/18/2026 08:19:15 pm,8.500,24.3
03/18/2026 08:19:16 pm,9.000,24.3
03/18/2026 08:19:16 pm,9.500,24.3
03/18/2026 08:19:17 pm,10.000,24.4
03/18/2026 08:19:17 pm,10.500,24.4
03/18/2026 08:19:18 pm,11.000,24.4
03/18/2026 08:19:18 pm,11.500,24.3
03/18/2026 08:19:19 pm,12.000,24.3
03/18/2026 08:19:19 pm,12.500,24.4
03/18/2026 08:19:20 pm,13.000,24.4
03/18/2026 08:19:20 pm,13.500,24.3
03/18/2026 08:19:21 pm,14.000,24.4
03/18/2026 08:19:21 pm,14.500,24.4
03/18/2026 08:19:22 pm,15.000,24.4
03/18/2026 08:19:22 pm,15.500,24.3
03/18/2026 08:19:23 pm,16.000,24.4
03/18/2026 08:19:23 pm,16.500,24.4
03/18/2026 08:19:24 pm,17.000,24.4
03/18/2026 08:19:24 pm,17.500,24.4
03/18/2026 08:19:25 pm,18.000,24.3
03/18/2026 08:19:25 pm,18.500,24.4
03/18/2026 08:19:26 pm,19.000,24.4
03/18/2026 08:19:26 pm,19.500,24.4
03/18/2026 08:19:27 pm,20.000,24.4
03/18/2026 08:19:27 pm,20.500,24.4
03/18/2026 08:19:28 pm,21.000,24.3
03/18/2026 08:19:28 pm,21.500,24.4
03/18/2026 08:19:29 pm,22.000,24.4
03/18/2026 08:19:29 pm,22.500,24.3
03/18/2026 08:19:30 pm,23.000,24.4
03/18/2026 08:19:30 pm,23.500,24.4
03/18/2026 08:19:31 pm,24.000,24.4
03/18/2026 08:19:31 pm,24.500,24.3
03/18/2026 08:19:32 pm,25.000,24.4
03/18/2026 08:19:32 pm,25.500,24.3
03/18/2026 08:19:33 pm,26.000,24.3
03/18/2026 08:19:33 pm,26.500,24.3
03/18/2026 08:19:34 pm,27.000,24.4
03/18/2026 08:19:34 pm,27.500,24.4
03/18/2026 08:19:35 pm,28.000,24.3
03/18/2026 08:19:35 pm,28.500,24.4
03/18/2026 08:19:36 pm,29.000,24.4
03/18/2026 08:19:36 pm,29.500,24.4
03/18/2026 08:19:37 pm,30.000,24.4
03/18/2026 08:19:37 pm,30.500,24.4
03/18/2026 08:19:38 pm,31.000,24.3
03/18/2026 08:19:38 pm,31.500,24.4
03/18/2026 08:19:39 pm,32.000,24.4
03/18/2026 08:19:39 pm,32.500,24.4
03/18/2026 08:19:40 pm,33.000,24.3
03/18/2026 08:19:40 pm,33.500,24.4
03/18/2026 08:19:41 pm,34.000,24.4
03/18/2026 08:19:41 pm,34.500,24.3
03/18/2026 08:19:42 pm,35.000,24.4
03/18/2026 08:19:42 pm,35.500,24.4
03/18/2026 08:19:43 pm,36.000,24.4
03/18/2026 08:19:43 pm,36.500,24.4
03/18/2026 08:19:44 pm,37.000,24.4
03/18/2026 08:19:44 pm,37.500,24.3
03/18/2026 08:19:45 pm,38.000,24.3
03/18/2026 08:19:45 pm,38.500,24.4
03/18/2026 08:19:46 pm,39.000,24.4
03/18/2026 08:19:46 pm,39.500,24.3
03/18/2026 08:19:47 pm,40.000,24.4
03/18/2026 08:19:47 pm,40.500,24.4
03/18/2026 08:19:48 pm,41.000,24.4
03/18/2026 08:19:48 pm,41.500,24.3
03/18/2026 08:19:49 pm,42.000,24.4
03/18/2026 08:19:49 pm,42.500,24.4
03/18/2026 08:19:50 pm,43.000,24.4
03/18/2026 08:19:50 pm,43.500,24.4
03/18/2026 08:19:51 pm,44.000,24.4
03/18/2026 08:19:51 pm,44.500,24.4
03/18/2026 08:19:52 pm,45.000,24.4
03/18/2026 08:19:52 pm,45.500,24.4
03/18/2026 08:19:53 pm,46.000,24.3
03/18/2026 08:19:53 pm,46.500,24.4
03/18/2026 08:19:54 pm,47.000,24.3
03/18/2026 08:19:54 pm,47.500,24.4
03/18/2026 08:19:55 pm,48.000,24.4
03/18/2026 08:19:55 pm,48.500,24.4
03/18/2026 08:19:56 pm,49.000,24.4
03/18/2026 08:19:56 pm,49.500,24.3
03/18/2026 08:19:57 pm,50.000,24.4
03/18/2026 08:19:57 pm,50.500,24.4
03/18/2026 08:19:58 pm,51.000,24.4
03/18/2026 08:19:58 pm,51.500,24.4
03/18/2026 08:19:59 pm,52.000,24.4
03/18/2026 08:19:59 pm,52.500,24.4
03/18/2026 08:20:00 pm,53.000,24.4
03/18/2026 08:20:00 pm,53.500,24.4
03/18/2026 08:20:01 pm,54.000,24.4
03/18/2026 08:20:01 pm,54.500,24.4
03/18/2026 08:20:02 pm,55.000,24.4
03/18/2026 08:20:02 pm,55.500,24.3
03/18/2026 08:20:03 pm,56.000,24.4
03/18/2026 08:20:03 pm,56.500,24.3
03/18/2026 08:20:04 pm,57.000,24.3
03/18/2026 08:20:04 pm,57.500,24.4
03/18/2026 08:20:05 pm,58.000,24.4
03/18/2026 08:20:05 pm,58.500,24.4
03/18/2026 08:20:06 pm,59.000,24.4
03/18/2026 08:20:06 pm,59.500,24.3
03/18/2026 08:20:07 pm,60.000,24.3
03/18/2026 08:20:07 pm,60.500,24.4
03/18/2026 08:20:08 pm,61.000,24.3
03/18/2026 08:20:08 pm,61.500,24.4
03/18/2026 08:20:09 pm,62.000,24.4
03/18/2026 08:20:09 pm,62.500,24.4
03/18/2026 08:20:10 pm,63.000,24.3
03/18/2026 08:20:10 pm,63.500,24.4
03/18/2026 08:20:11 pm,64.000,24.4
03/18/2026 08:20:11 pm,64.500,24.4
03/18/2026 08:20:12 pm,65.000,24.4
03/18/2026 08:20:12 pm,65.500,24.4
03/18/2026 08:20:13 pm,66.000,24.4
03/18/2026 08:20:13 pm,66.500,24.4
03/18/2026 08:20:14 pm,67.000,24.3
03/18/2026 08:20:14 pm,67.500,24.4
03/18/2026 08:20:15 pm,68.000,24.3
03/18/2026 08:20:15 pm,68.500,24.3
03/18/2026 08:20:16 pm,69.000,24.3
03/18/2026 08:20:16 pm,69.500,24.4
03/18/2026 08:20:17 pm,70.000,24.4
03/18/2026 08:20:17 pm,70.500,24.4
03/18/2026 08:20:18 pm,71.000,24.4
03/18/2026 08:20:18 pm,71.500,24.4
03/18/2026 08:20:19 pm,72.000,24.4
03/18/2026 08:20:19 pm,72.500,24.4
03/18/2026 08:20:20 pm,73.000,24.4
03/18/2026 08:20:20 pm,73.500,24.4
03/18/2026 08:20:21 pm,74.000,24.4
03/18/2026 08:20:21 pm,74.500,24.4
03/18/2026 08:20:22 pm,75.000,24.3
03/18/2026 08:20:22 pm,75.500,24.4
03/18/2026 08:20:23 pm,76.000,24.4
03/18/2026 08:20:23 pm,76.500,24.4
03/18/2026 08:20:24 pm,77.000,24.4
03/18/2026 08:20:24 pm,77.500,24.3
03/18/2026 08:20:25 pm,78.000,24.4
03/18/2026 08:20:25 pm,78.500,24.3
03/18/2026 08:20:26 pm,79.000,24.4
03/18/2026 08:20:26 pm,79.500,24.4
03/18/2026 08:20:27 pm,80.000,24.4
03/18/2026 08:20:27 pm,80.500,24.4
03/18/2026 08:20:28 pm,81.000,24.4
03/18/2026 08:20:28 pm,81.500,24.4
03/18/2026 08:20:29 pm,82.000,24.4
03/18/2026 08:20:29 pm,82.500,24.3
03/18/2026 08:20:30 pm,83.000,24.4
03/18/2026 08:20:30 pm,83.500,24.4
03/18/2026 08:20:31 pm,84.000,24.4
03/18/2026 08:20:31 pm,84.500,24.3
03/18/2026 08:20:32 pm,85.000,24.3
03/18/2026 08:20:32 pm,85.500,24.4
03/18/2026 08:20:33 pm,86.000,24.4
03/18/2026 08:20:33 pm,86.500,24.4
03/18/2026 08:20:34 pm,87.000,24.4
03/18/2026 08:20:34 pm,87.500,24.4
03/18/2026 08:20:35 pm,88.000,24.4
03/18/2026 08:20:35 pm,88.500,24.4
03/18/2026 08:20:36 pm,89.000,24.4
03/18/2026 08:20:36 pm,89.500,24.4
03/18/2026 08:20:37 pm,90.000,24.4
03/18/2026 08:20:37 pm,90.500,24.4
03/18/2026 08:20:38 pm,91.000,24.4
03/18/2026 08:20:38 pm,91.500,24.4
03/18/2026 08:20:39 pm,92.000,24.4
03/18/2026 08:20:39 pm,92.500,24.4
03/18/2026 08:20:40 pm,93.000,24.4
03/18/2026 08:20:40 pm,93.500,24.4
03/18/2026 08:20:41 pm,94.000,24.3
03/18/2026 08:20:41 pm,94.500,24.4
03/18/2026 08:20:42 pm,95.000,24.4
03/18/2026 08:20:42 pm,95.500,24.4
03/18/2026 08:20:43 pm,96.000,24.3
03/18/2026 08:20:43 pm,96.500,24.4
03/18/2026 08:20:44 pm,97.000,24.4
03/18/2026 08:20:44 pm,97.500,24.3
03/18/2026 08:20:45 pm,98.000,24.4
03/18/2026 08:20:45 pm,98.500,24.4
03/18/2026 08:20:46 pm,99.000,24.3
03/18/2026 08:20:46 pm,99.500,24.4
03/18/2026 08:20:47 pm,100.000,24.4
03/18/2026 08:20:47 pm,100.500,24.4
03/18/2026 08:20:48 pm,101.000,24.4
03/18/2026 08:20:48 pm,101.500,24.4
03/18/2026 08:20:49 pm,102.000,24.3
03/18/2026 08:20:49 pm,102.500,24.4
03/18/2026 08:20:50 pm,103.000,24.3
03/18/2026 08:20:50 pm,103.500,24.4
03/18/2026 08:20:51 pm,104.000,24.4
03/18/2026 08:20:51 pm,104.500,24.4
03/18/2026 08:20:52 pm,105.000,24.4
03/18/2026 08:20:52 pm,105.500,24.4
03/18/2026 08:20:53 pm,106.000,24.4
03/18/2026 08:20:53 pm,106.500,24.4
03/18/2026 08:20:54 pm,107.000,24.4
03/18/2026 08:20:54 pm,107.500,24.4
03/18/2026 08:20:55 pm,108.000,24.4
03/18/2026 08:20:55 pm,108.500,24.4
03/18/2026 08:20:56 pm,109.000,24.4
03/18/2026 08:20:56 pm,109.500,24.4
03/18/2026 08:20:57 pm,110.000,24.4
03/18/2026 08:20:57 pm,110.500,24.4
03/18/2026 08:20:58 pm,111.000,24.4
03/18/2026 08:20:58 pm,111.500,24.4
03/18/2026 08:20:59 pm,112.000,24.4
03/18/2026 08:20:59 pm,112.500,24.3
03/18/2026 08:21:00 pm,113.000,24.4
03/18/2026 08:21:00 pm,113.500,24.4
03/18/2026 08:21:01 pm,114.000,24.4
03/18/2026 08:21:01 pm,114.500,24.4
03/18/2026 08:21:02 pm,115.000,24.4
03/18/2026 08:21:02 pm,115.500,24.3
03/18/2026 08:21:03 pm,116.000,24.3
03/18/2026 08:21:03 pm,116.500,24.3
03/18/2026 08:21:04 pm,117.000,24.4
03/18/2026 08:21:04 pm,117.500,24.4
03/18/2026 08:21:05 pm,118.000,24.4
03/18/2026 08:21:05 pm,118.500,24.4
03/18/2026 08:21:06 pm,119.000,24.4
03/18/2026 08:21:06 pm,119.500,24.4
03/18/2026 08:21:07 pm,120.000,24.4
03/18/2026 08:21:07 pm,120.500,24.3
03/18/2026 08:21:08 pm,121.000,24.4
03/18/2026 08:21:08 pm,121.500,24.4
03/18/2026 08:21:09 pm,122.000,24.3
03/18/2026 08:21:09 pm,122.500,24.4
03/18/2026 08:21:10 pm,123.000,24.3
03/18/2026 08:21:10 pm,123.500,24.3
03/18/2026 08:21:11 pm,124.000,24.4
03/18/2026 08:21:11 pm,124.500,24.4
03/18/2026 08:21:12 pm,125.000,24.4
03/18/2026 08:21:12 pm,125.500,24.4
03/18/2026 08:21:13 pm,126.000,24.3
03/18/2026 08:21:13 pm,126.500,24.4
03/18/2026 08:21:14 pm,127.000,24.3
03/18/2026 08:21:14 pm,127.500,24.4
03/18/2026 08:21:15 pm,128.000,24.3
03/18/2026 08:21:15 pm,128.500,24.4
03/18/2026 08:21:16 pm,129.000,24.4
03/18/2026 08:21:16 pm,129.500,24.4
03/18/2026 08:21:17 pm,130.000,24.4
03/18/2026 08:21:17 pm,130.500,24.3
03/18/2026 08:21:18 pm,131.000,24.4
03/18/2026 08:21:18 pm,131.500,24.4
03/18/2026 08:21:19 pm,132.000,24.4
03/18/2026 08:21:19 pm,132.500,24.4
03/18/2026 08:21:20 pm,133.000,24.4
03/18/2026 08:21:20 pm,133.500,24.4
03/18/2026 08:21:21 pm,134.000,24.4
03/18/2026 08:21:21 pm,134.500,24.4
03/18/2026 08:21:22 pm,135.000,24.4
03/18/2026 08:21:22 pm,135.500,24.3
03/18/2026 08:21:23 pm,136.000,24.4
03/18/2026 08:21:23 pm,136.500,24.4
03/18/2026 08:21:24 pm,137.000,24.4
03/18/2026 08:21:24 pm,137.500,24.4
03/18/2026 08:21:25 pm,138.000,24.4
03/18/2026 08:21:25 pm,138.500,24.3
03/18/2026 08:21:26 pm,139.000,24.3
03/18/2026 08:21:26 pm,139.500,24.4
03/18/2026 08:21:27 pm,140.000,24.4
03/18/2026 08:21:27 pm,140.500,24.4
03/18/2026 08:21:28 pm,141.000,24.4
03/18/2026 08:21:28 pm,141.500,24.3
03/18/2026 08:21:29 pm,142.000,24.4
03/18/2026 08:21:29 pm,142.500,24.4
03/18/2026 08:21:30 pm,143.000,24.4
03/18/2026 08:21:30 pm,143.500,24.4
03/18/2026 08:21:31 pm,144.000,24.4
03/18/2026 08:21:31 pm,144.500,24.4
03/18/2026 08:21:32 pm,145.000,24.3
03/18/2026 08:21:32 pm,145.500,24.4
03/18/2026 08:21:33 pm,146.000,24.4
03/18/2026 08:21:33 pm,146.500,24.4
03/18/2026 08:21:34 pm,147.000,24.4
03/18/2026 08:21:34 pm,147.500,24.4
03/18/2026 08:21:35 pm,148.000,24.4
03/18/2026 08:21:35 pm,148.500,24.4
03/18/2026 08:21:36 pm,149.000,24.3
03/18/2026 08:21:36 pm,149.500,24.3
03/18/2026 08:21:37 pm,150.000,24.4
03/18/2026 08:21:37 pm,150.500,24.4
03/18/2026 08:21:38 pm,151.000,24.4
03/18/2026 08:21:38 pm,151.500,24.4
03/18/2026 08:21:39 pm,152.000,24.4
03/18/2026 08:21:39 pm,152.500,24.4
03/18/2026 08:21:40 pm,153.000,24.4
03/18/2026 08:21:40 pm,153.500,24.4
03/18/2026 08:21:41 pm,154.000,24.4
03/18/2026 08:21:41 pm,154.500,24.4
03/18/2026 08:21:42 pm,155.000,24.4
03/18/2026 08:21:42 pm,155.500,24.4
03/18/2026 08:21:43 pm,156.000,24.4
03/18/2026 08:21:43 pm,156.500,24.4
03/18/2026 08:21:44 pm,157.000,24.4
03/18/2026 08:21:44 pm,157.500,24.4
03/18/2026 08:21:45 pm,158.000,24.4
03/18/2026 08:21:45 pm,158.500,24.4
03/18/2026 08:21:46 pm,159.000,24.4
03/18/2026 08:21:46 pm,159.500,24.3
03/18/2026 08:21:47 pm,160.000,24.4
03/18/2026 08:21:47 pm,160.500,24.4
03/18/2026 08:21:48 pm,161.000,24.4
03/18/2026 08:21:48 pm,161.500,24.4
03/18/2026 08:21:49 pm,162.000,24.4
03/18/2026 08:21:49 pm,162.500,24.4
03/18/2026 08:21:50 pm,163.000,24.4
03/18/2026 08:21:50 pm,163.500,24.4
03/18/2026 08:21:51 pm,164.000,24.4
03/18/2026 08:21:51 pm,164.500,24.4
03/18/2026 08:21:52 pm,165.000,24.3
03/18/2026 08:21:52 pm,165.500,24.4
03/18/2026 08:21:53 pm,166.000,24.4
03/18/2026 08:21:53 pm,166.500,24.4
03/18/2026 08:21:54 pm,167.000,24.4
03/18/2026 08:21:54 pm,167.500,24.4
03/18/2026 08:21:55 pm,168.000,24.4
03/18/2026 08:21:55 pm,168.500,24.4
03/18/2026 08:21:56 pm,169.000,24.4
03/18/2026 08:21:56 pm,169.500,24.4
03/18/2026 08:21:57 pm,170.000,24.4
03/18/2026 08:21:57 pm,170.500,24.4
03/18/2026 08:21:58 pm,171.000,24.4
03/18/2026 08:21:58 pm,171.500,24.4
03/18/2026 08:21:59 pm,172.000,24.3
03/18/2026 08:21:59 pm,172.500,24.4
03/18/2026 08:22:00 pm,173.000,24.4
03/18/2026 08:22:00 pm,173.500,24.4
03/18/2026 08:22:01 pm,174.000,24.4
03/18/2026 08:22:01 pm,174.500,24.4
03/18/2026 08:22:02 pm,175.000,24.4
03/18/2026 08:22:02 pm,175.500,24.4
03/18/2026 08:22:03 pm,176.000,24.4
03/18/2026 08:22:03 pm,176.500,24.4
03/18/2026 08:22:04 pm,177.000,24.4
03/18/2026 08:22:04 pm,177.500,24.3
03/18/2026 08:22:05 pm,178.000,24.4
03/18/2026 08:22:05 pm,178.500,24.3
03/18/2026 08:22:06 pm,179.000,24.4
03/18/2026 08:22:06 pm,179.500,24.4
03/18/2026 08:22:07 pm,180.000,24.4
03/18/2026 08:22:07 pm,180.500,24.4
03/18/2026 08:22:08 pm,181.000,24.4
03/18/2026 08:22:08 pm,181.500,24.4
03/18/2026 08:22:09 pm,182.000,24.4
03/18/2026 08:22:09 pm,182.500,24.4
03/18/2026 08:22:10 pm,183.000,24.4
03/18/2026 08:22:10 pm,183.500,24.4
03/18/2026 08:22:11 pm,184.000,24.4
03/18/2026 08:22:11 pm,184.500,24.4
03/18/2026 08:22:12 pm,185.000,24.4
03/18/2026 08:22:12 pm,185.500,24.4
03/18/2026 08:22:13 pm,186.000,24.3
03/18/2026 08:22:13 pm,186.500,24.3
03/18/2026 08:22:14 pm,187.000,24.4
03/18/2026 08:22:14 pm,187.500,24.3
03/18/2026 08:22:15 pm,188.000,24.4
03/18/2026 08:22:15 pm,188.500,24.4
03/18/2026 08:22:16 pm,189.000,24.4
03/18/2026 08:22:16 pm,189.500,24.4
03/18/2026 08:22:17 pm,190.000,24.4
03/18/2026 08:22:17 pm,190.500,24.4
03/18/2026 08:22:18 pm,191.000,24.4
03/18/2026 08:22:18 pm,191.500,24.4
03/18/2026 08:22:19 pm,192.000,24.3
03/18/2026 08:22:19 pm,192.500,24.4
03/18/2026 08:22:20 pm,193.000,24.3
03/18/2026 08:22:20 pm,193.500,24.4
03/18/2026 08:22:21 pm,194.000,24.4
03/18/2026 08:22:21 pm,194.500,24.4
03/18/2026 08:22:22 pm,195.000,24.4
03/18/2026 08:22:22 pm,195.500,24.4
03/18/2026 08:22:23 pm,196.000,24.4
03/18/2026 08:22:23 pm,196.500,24.3
03/18/2026 08:22:24 pm,197.000,24.4
03/18/2026 08:22:24 pm,197.500,24.4
03/18/2026 08:22:25 pm,198.000,24.4
03/18/2026 08:22:25 pm,198.500,24.3
03/18/2026 08:22:26 pm,199.000,24.4
03/18/2026 08:22:26 pm,199.500,24.4
03/18/2026 08:22:27 pm,200.000,24.4
03/18/2026 08:22:27 pm,200.500,24.4
03/18/2026 08:22:28 pm,201.000,24.4
03/18/2026 08:22:28 pm,201.500,24.4
03/18/2026 08:22:29 pm,202.000,24.4
03/18/2026 08:22:29 pm,202.500,24.4
03/18/2026 08:22:30 pm,203.000,24.4
03/18/2026 08:22:30 pm,203.500,24.4
03/18/2026 08:22:31 pm,204.000,24.3
03/18/2026 08:22:31 pm,204.500,24.4
03/18/2026 08:22:32 pm,205.000,24.3
03/18/2026 08:22:32 pm,205.500,24.4
03/18/2026 08:22:33 pm,206.000,24.4
03/18/2026 08:22:33 pm,206.500,24.4
03/18/2026 08:22:34 pm,207.000,24.3
03/18/2026 08:22:34 pm,207.500,24.4
03/18/2026 08:22:35 pm,208.000,24.3
03/18/2026 08:22:35 pm,208.500,24.4
03/18/2026 08:22:36 pm,209.000,24.4
03/18/2026 08:22:36 pm,209.500,24.4
03/18/2026 08:22:37 pm,210.000,24.4
03/18/2026 08:22:37 pm,210.500,24.4
03/18/2026 08:22:38 pm,211.000,24.4
03/18/2026 08:22:38 pm,211.500,24.3
03/18/2026 08:22:39 pm,212.000,24.4
03/18/2026 08:22:39 pm,212.500,24.4
03/18/2026 08:22:40 pm,213.000,24.4
03/18/2026 08:22:40 pm,213.500,24.4
03/18/2026 08:22:41 pm,214.000,24.4
03/18/2026 08:22:41 pm,214.500,24.4
03/18/2026 08:22:42 pm,215.000,24.4
03/18/2026 08:22:42 pm,215.500,24.4
03/18/2026 08:22:43 pm,216.000,24.4
03/18/2026 08:22:43 pm,216.500,24.4
03/18/2026 08:22:44 pm,217.000,24.4
03/18/2026 08:22:44 pm,217.500,24.4
03/18/2026 08:22:45 pm,218.000,24.4
03/18/2026 08:22:45 pm,218.500,24.4
03/18/2026 08:22:46 pm,219.000,24.4
03/18/2026 08:22:46 pm,219.500,24.4
03/18/2026 08:22:47 pm,220.000,24.3
03/18/2026 08:22:47 pm,220.500,24.4
03/18/2026 08:22:48 pm,221.000,24.4
03/18/2026 08:22:48 pm,221.500,24.4
03/18/2026 08:22:49 pm,222.000,24.4
03/18/2026 08:22:49 pm,222.500,24.4
03/18/2026 08:22:50 pm,223.000,24.4
03/18/2026 08:22:50 pm,223.500,24.4
03/18/2026 08:22:51 pm,224.000,24.4
03/18/2026 08:22:51 pm,224.500,24.4
03/18/2026 08:22:52 pm,225.000,24.4
03/18/2026 08:22:52 pm,225.500,24.4
03/18/2026 08:22:53 pm,226.000,24.4
03/18/2026 08:22:53 pm,226.500,24.4
03/18/2026 08:22:54 pm,227.000,24.4
03/18/2026 08:22:54 pm,227.500,24.4
03/18/2026 08:22:55 pm,228.000,24.4
03/18/2026 08:22:55 pm,228.500,24.3
03/18/2026 08:22:56 pm,229.000,24.4
03/18/2026 08:22:56 pm,229.500,24.4
03/18/2026 08:22:57 pm,230.000,24.4
03/18/2026 08:22:57 pm,230.500,24.4
03/18/2026 08:22:58 pm,231.000,24.4
03/18/2026 08:22:58 pm,231.500,24.4
03/18/2026 08:22:59 pm,232.000,24.4
03/18/2026 08:22:59 pm,232.500,24.4
03/18/2026 08:23:00 pm,233.000,24.4
03/18/2026 08:23:00 pm,233.500,24.4
03/18/2026 08:23:01 pm,234.000,24.3
03/18/2026 08:23:01 pm,234.500,24.4
03/18/2026 08:23:02 pm,235.000,24.4
03/18/2026 08:23:02 pm,235.500,24.4
03/18/2026 08:23:03 pm,236.000,24.4
03/18/2026 08:23:03 pm,236.500,24.4
03/18/2026 08:23:04 pm,237.000,24.3
03/18/2026 08:23:04 pm,237.500,24.4
03/18/2026 08:23:05 pm,238.000,24.3
03/18/2026 08:23:05 pm,238.500,24.4
03/18/2026 08:23:06 pm,239.000,24.4
03/18/2026 08:23:06 pm,239.500,24.4
03/18/2026 08:23:07 pm,240.000,24.4
03/18/2026 08:23:07 pm,240.500,24.4
03/18/2026 08:23:08 pm,241.000,24.4
03/18/2026 08:23:08 pm,241.500,24.4
03/18/2026 08:23:09 pm,242.000,24.3
03/18/2026 08:23:09 pm,242.500,24.3
03/18/2026 08:23:10 pm,243.000,24.4
03/18/2026 08:23:10 pm,243.500,24.4
03/18/2026 08:23:11 pm,244.000,24.4
03/18/2026 08:23:11 pm,244.500,24.4
03/18/2026 08:23:12 pm,245.000,24.4
03/18/2026 08:23:12 pm,245.500,24.4
03/18/2026 08:23:13 pm,246.000,24.4
03/18/2026 08:23:13 pm,246.500,24.4
03/18/2026 08:23:14 pm,247.000,24.4
03/18/2026 08:23:14 pm,247.500,24.3
03/18/2026 08:23:15 pm,248.000,24.4
03/18/2026 08:23:15 pm,248.500,24.4
03/18/2026 08:23:16 pm,249.000,24.4
03/18/2026 08:23:16 pm,249.500,24.4
03/18/2026 08:23:17 pm,250.000,24.4
03/18/2026 08:23:17 pm,250.500,24.4
03/18/2026 08:23:18 pm,251.000,24.4
03/18/2026 08:23:18 pm,251.500,24.4
03/18/2026 08:23:19 pm,252.000,24.4
03/18/2026 08:23:19 pm,252.500,24.4
03/18/2026 08:23:20 pm,253.000,24.4
03/18/2026 08:23:20 pm,253.500,24.4
03/18/2026 08:23:21 pm,254.000,24.4
03/18/2026 08:23:21 pm,254.500,24.4
03/18/2026 08:23:22 pm,255.000,24.3
03/18/2026 08:23:22 pm,255.500,24.4
03/18/2026 08:23:23 pm,256.000,24.3
03/18/2026 08:23:23 pm,256.500,24.4
03/18/2026 08:23:24 pm,257.000,24.4
03/18/2026 08:23:24 pm,257.500,24.4
03/18/2026 08:23:25 pm,258.000,24.4
03/18/2026 08:23:25 pm,258.500,24.4
03/18/2026 08:23:26 pm,259.000,24.4
03/18/2026 08:23:26 pm,259.500,24.4
03/18/2026 08:23:27 pm,260.000,24.4
03/18/2026 08:23:27 pm,260.500,24.4
03/18/2026 08:23:28 pm,261.000,24.4
03/18/2026 08:23:28 pm,261.500,24.4
03/18/2026 08:23:29 pm,262.000,24.4
03/18/2026 08:23:29 pm,262.500,24.4
03/18/2026 08:23:30 pm,263.000,24.4
03/18/2026 08:23:30 pm,263.500,24.4
03/18/2026 08:23:31 pm,264.000,24.4
03/18/2026 08:23:31 pm,264.500,24.4
03/18/2026 08:23:32 pm,265.000,24.4
03/18/2026 08:23:32 pm,265.500,24.4
03/18/2026 08:23:33 pm,266.000,24.4
03/18/2026 08:23:33 pm,266.500,24.4
03/18/2026 08:23:34 pm,267.000,24.4
03/18/2026 08:23:34 pm,267.500,24.4
03/18/2026 08:23:35 pm,268.000,24.4
03/18/2026 08:23:35 pm,268.500,24.4
03/18/2026 08:23:36 pm,269.000,24.4
03/18/2026 08:23:36 pm,269.500,24.4
03/18/2026 08:23:37 pm,270.000,24.4
03/18/2026 08:23:37 pm,270.500,24.4
03/18/2026 08:23:38 pm,271.000,24.4
03/18/2026 08:23:38 pm,271.500,24.4
03/18/2026 08:23:39 pm,272.000,24.4
03/18/2026 08:23:39 pm,272.500,24.4
03/18/2026 08:23:40 pm,273.000,24.4
03/18/2026 08:23:40 pm,273.500,24.4
03/18/2026 08:23:41 pm,274.000,24.4
03/18/2026 08:23:41 pm,274.500,24.4
03/18/2026 08:23:42 pm,275.000,24.4
03/18/2026 08:23:42 pm,275.500,24.4
03/18/2026 08:23:43 pm,276.000,24.3
03/18/2026 08:23:43 pm,276.500,24.4
03/18/2026 08:23:44 pm,277.000,24.4
03/18/2026 08:23:44 pm,277.500,24.4
03/18/2026 08:23:45 pm,278.000,24.4
03/18/2026 08:23:45 pm,278.500,24.4
03/18/2026 08:23:46 pm,279.000,24.4
03/18/2026 08:23:46 pm,279.500,24.4
03/18/2026 08:23:47 pm,280.000,24.4
03/18/2026 08:23:47 pm,280.500,24.4
03/18/2026 08:23:48 pm,281.000,24.4
03/18/2026 08:23:48 pm,281.500,24.3
03/18/2026 08:23:49 pm,282.000,24.4
03/18/2026 08:23:49 pm,282.500,24.4
03/18/2026 08:23:50 pm,283.000,24.4
03/18/2026 08:23:50 pm,283.500,24.4
03/18/2026 08:23:51 pm,284.000,24.4
03/18/2026 08:23:51 pm,284.500,24.4
03/18/2026 08:23:52 pm,285.000,24.4
03/18/2026 08:23:52 pm,285.500,24.4
03/18/2026 08:23:53 pm,286.000,24.4
03/18/2026 08:23:53 pm,286.500,24.4
03/18/2026 08:23:54 pm,287.000,24.4
03/18/2026 08:23:54 pm,287.500,24.4
03/18/2026 08:23:55 pm,288.000,24.4
03/18/2026 08:23:55 pm,288.500,24.4
03/18/2026 08:23:56 pm,289.000,24.4
03/18/2026 08:23:56 pm,289.500,24.4
03/18/2026 08:23:57 pm,290.000,24.4
03/18/2026 08:23:57 pm,290.500,24.4
03/18/2026 08:23:58 pm,291.000,24.4
03/18/2026 08:23:58 pm,291.500,24.4
03/18/2026 08:23:59 pm,292.000,24.4
03/18/2026 08:23:59 pm,292.500,24.4
03/18/2026 08:24:00 pm,293.000,24.4
03/18/2026 08:24:00 pm,293.500,24.4
03/18/2026 08:24:01 pm,294.000,24.4
03/18/2026 08:24:01 pm,294.500,24.4
03/18/2026 08:24:02 pm,295.000,24.4
03/18/2026 08:24:02 pm,295.500,24.4
03/18/2026 08:24:03 pm,296.000,24.4
03/18/2026 08:24:03 pm,296.500,24.4
03/18/2026 08:24:04 pm,297.000,24.4
03/18/2026 08:24:04 pm,297.500,24.4
03/18/2026 08:24:05 pm,298.000,24.4
03/18/2026 08:24:05 pm,298.500,24.4
03/18/2026 08:24:06 pm,299.000,24.4
03/18/2026 08:24:06 pm,299.500,24.3
03/18/2026 08:24:07 pm,300.000,24.4
03/18/2026 08:24:07 pm,300.500,24.4
03/18/2026 08:24:08 pm,301.000,24.4
03/18/2026 08:24:08 pm,301.500,24.4
03/18/2026 08:24:09 pm,302.000,24.4
03/18/2026 08:24:09 pm,302.500,24.4
03/18/2026 08:24:10 pm,303.000,24.4
03/18/2026 08:24:10 pm,303.500,24.4
03/18/2026 08:24:11 pm,304.000,24.4
03/18/2026 08:24:11 pm,304.500,24.4
03/18/2026 08:24:12 pm,305.000,24.4
03/18/2026 08:24:12 pm,305.500,24.4
03/18/2026 08:24:13 pm,306.000,24.4
03/18/2026 08:24:13 pm,306.500,24.4
03/18/2026 08:24:14 pm,307.000,24.4
03/18/2026 08:24:14 pm,307.500,24.4
03/18/2026 08:24:15 pm,308.000,24.4
03/18/2026 08:24:15 pm,308.500,24.4
03/18/2026 08:24:16 pm,309.000,24.4
03/18/2026 08:24:16 pm,309.500,24.4
03/18/2026 08:24:17 pm,310.000,24.4
03/18/2026 08:24:17 pm,310.500,24.4
03/18/2026 08:24:18 pm,311.000,24.4
03/18/2026 08:24:18 pm,311.500,24.4
03/18/2026 08:24:19 pm,312.000,24.4
03/18/2026 08:24:19 pm,312.500,24.4
03/18/2026 08:24:20 pm,313.000,24.4
03/18/2026 08:24:20 pm,313.500,24.4
03/18/2026 08:24:21 pm,314.000,24.4
03/18/2026 08:24:21 pm,314.500,24.4
03/18/2026 08:24:22 pm,315.000,24.4
03/18/2026 08:24:22 pm,315.500,24.4
03/18/2026 08:24:23 pm,316.000,24.4
03/18/2026 08:24:23 pm,316.500,24.4
03/18/2026 08:24:24 pm,317.000,24.4
03/18/2026 08:24:24 pm,317.500,24.4
03/18/2026 08:24:25 pm,318.000,24.4
03/18/2026 08:24:25 pm,318.500,24.4
03/18/2026 08:24:26 pm,319.000,24.4
03/18/2026 08:24:26 pm,319.500,24.4
03/18/2026 08:24:27 pm,320.000,24.4
03/18/2026 08:24:27 pm,320.500,24.4
03/18/2026 08:24:28 pm,321.000,24.4
03/18/2026 08:24:28 pm,321.500,24.4
03/18/2026 08:24:29 pm,322.000,24.4
03/18/2026 08:24:29 pm,322.500,24.4
03/18/2026 08:24:30 pm,323.000,24.4
03/18/2026 08:24:30 pm,323.500,24.4
03/18/2026 08:24:31 pm,324.000,24.4
03/18/2026 08:24:31 pm,324.500,24.4
03/18/2026 08:24:32 pm,325.000,24.4
03/18/2026 08:24:32 pm,325.500,24.4
03/18/2026 08:24:33 pm,326.000,24.4
03/18/2026 08:24:33 pm,326.500,24.4
03/18/2026 08:24:34 pm,327.000,24.4
03/18/2026 08:24:34 pm,327.500,24.4
03/18/2026 08:24:35 pm,328.000,24.4
03/18/2026 08:24:35 pm,328.500,24.4
03/18/2026 08:24:36 pm,329.000,24.4
03/18/2026 08:24:36 pm,329.500,24.4
03/18/2026 08:24:37 pm,330.000,24.4
03/18/2026 08:24:37 pm,330.500,24.4
03/18/2026 08:24:38 pm,331.000,24.4
03/18/2026 08:24:38 pm,331.500,24.4
03/18/2026 08:24:39 pm,332.000,24.4
03/18/2026 08:24:39 pm,332.500,24.4
03/18/2026 08:24:40 pm,333.000,24.4
03/18/2026 08:24:40 pm,333.500,24.4
03/18/2026 08:24:41 pm,334.000,24.4
03/18/2026 08:24:41 pm,334.500,24.4
03/18/2026 08:24:42 pm,335.000,24.4
03/18/2026 08:24:42 pm,335.500,24.4
03/18/2026 08:24:43 pm,336.000,24.4
03/18/2026 08:24:43 pm,336.500,24.4
03/18/2026 08:24:44 pm,337.000,24.4
03/18/2026 08:24:44 pm,337.500,24.3
03/18/2026 08:24:45 pm,338.000,24.4
03/18/2026 08:24:45 pm,338.500,24.4
03/18/2026 08:24:46 pm,339.000,24.4
03/18/2026 08:24:46 pm,339.500,24.4
03/18/2026 08:24:47 pm,340.000,24.4
03/18/2026 08:24:47 pm,340.500,24.4
03/18/2026 08:24:48 pm,341.000,24.4
03/18/2026 08:24:48 pm,341.500,24.4
03/18/2026 08:24:49 pm,342.000,24.4
03/18/2026 08:24:49 pm,342.500,24.4
03/18/2026 08:24:50 pm,343.000,24.4
03/18/2026 08:24:50 pm,343.500,24.4
03/18/2026 08:24:51 pm,344.000,24.4
03/18/2026 08:24:51 pm,344.500,24.4
03/18/2026 08:24:52 pm,345.000,24.4
03/18/2026 08:24:52 pm,345.500,24.4
03/18/2026 08:24:53 pm,346.000,24.4
03/18/2026 08:24:53 pm,346.500,24.4
03/18/2026 08:24:54 pm,347.000,24.4
03/18/2026 08:24:54 pm,347.500,24.4
03/18/2026 08:24:55 pm,348.000,24.4
03/18/2026 08:24:55 pm,348.500,24.3
03/18/2026 08:24:56 pm,349.000,24.4
03/18/2026 08:24:56 pm,349.500,24.4
03/18/2026 08:24:57 pm,350.000,24.4
03/18/2026 08:24:57 pm,350.500,24.4
03/18/2026 08:24:58 pm,351.000,24.4
03/18/2026 08:24:58 pm,351.500,24.4
03/18/2026 08:24:59 pm,352.000,24.4
03/18/2026 08:24:59 pm,352.500,24.4
03/18/2026 08:25:00 pm,353.000,24.4
03/18/2026 08:25:00 pm,353.500,24.4
03/18/2026 08:25:01 pm,354.000,24.4
03/18/2026 08:25:01 pm,354.500,24.4
03/18/2026 08:25:02 pm,355.000,24.4
03/18/2026 08:25:02 pm,355.500,24.4
03/18/2026 08:25:03 pm,356.000,24.4
03/18/2026 08:25:03 pm,356.500,24.4
03/18/2026 08:25:04 pm,357.000,24.4
03/18/2026 08:25:04 pm,357.500,24.4
03/18/2026 08:25:05 pm,358.000,24.4
03/18/2026 08:25:05 pm,358.500,24.4
03/18/2026 08:25:06 pm,359.000,24.4
03/18/2026 08:25:06 pm,359.500,24.4
03/18/2026 08:25:07 pm,360.000,24.4
03/18/2026 08:25:07 pm,360.500,24.4
03/18/2026 08:25:08 pm,361.000,24.4
03/18/2026 08:25:08 pm,361.500,24.4
03/18/2026 08:25:09 pm,362.000,24.4
03/18/2026 08:25:09 pm,362.500,24.4
03/18/2026 08:25:10 pm,363.000,24.4
03/18/2026 08:25:10 pm,363.500,24.4
03/18/2026 08:25:11 pm,364.000,24.4
03/18/2026 08:25:11 pm,364.500,24.4
03/18/2026 08:25:12 pm,365.000,24.4
03/18/2026 08:25:12 pm,365.500,24.4
03/18/2026 08:25:13 pm,366.000,24.4
03/18/2026 08:25:13 pm,366.500,24.4
03/18/2026 08:25:14 pm,367.000,24.4
03/18/2026 08:25:14 pm,367.500,24.4
03/18/2026 08:25:15 pm,368.000,24.4
03/18/2026 08:25:15 pm,368.500,24.4
03/18/2026 08:25:16 pm,369.000,24.4
03/18/2026 08:25:16 pm,369.500,24.4
03/18/2026 08:25:17 pm,370.000,24.4
03/18/2026 08:25:17 pm,370.500,24.4
03/18/2026 08:25:18 pm,371.000,24.4
03/18/2026 08:25:18 pm,371.500,24.4
03/18/2026 08:25:19 pm,372.000,24.4
03/18/2026 08:25:19 pm,372.500,24.4
03/18/2026 08:25:20 pm,373.000,24.4
03/18/2026 08:25:20 pm,373.500,24.4
03/18/2026 08:25:21 pm,374.000,24.4
03/18/2026 08:25:21 pm,374.500,24.4
03/18/2026 08:25:22 pm,375.000,24.4
03/18/2026 08:25:22 pm,375.500,24.4
03/18/2026 08:25:23 pm,376.000,24.4
03/18/2026 08:25:23 pm,376.500,24.3
03/18/2026 08:25:24 pm,377.000,24.4
03/18/2026 08:25:24 pm,377.500,24.4
03/18/2026 08:25:25 pm,378.000,24.4
03/18/2026 08:25:25 pm,378.500,24.4
03/18/2026 08:25:26 pm,379.000,24.4
03/18/2026 08:25:26 pm,379.500,24.4
03/18/2026 08:25:27 pm,380.000,24.4
03/18/2026 08:25:27 pm,380.500,24.4
03/18/2026 08:25:28 pm,381.000,24.4
03/18/2026 08:25:28 pm,381.500,24.4
03/18/2026 08:25:29 pm,382.000,24.4
03/18/2026 08:25:29 pm,382.500,24.4
03/18/2026 08:25:30 pm,383.000,24.4
03/18/2026 08:25:30 pm,383.500,24.4
03/18/2026 08:25:31 pm,384.000,24.4
03/18/2026 08:25:31 pm,384.500,24.4
03/18/2026 08:25:32 pm,385.000,24.4
03/18/2026 08:25:32 pm,385.500,24.4
03/18/2026 08:25:33 pm,386.000,24.4
03/18/2026 08:25:33 pm,386.500,24.4
03/18/2026 08:25:34 pm,387.000,24.4
03/18/2026 08:25:34 pm,387.500,24.4
03/18/2026 08:25:35 pm,388.000,24.4
03/18/2026 08:25:35 pm,388.500,24.4
03/18/2026 08:25:36 pm,389.000,24.4
03/18/2026 08:25:36 pm,389.500,24.4
03/18/2026 08:25:37 pm,390.000,24.4
03/18/2026 08:25:37 pm,390.500,24.4
03/18/2026 08:25:38 pm,391.000,24.4
03/18/2026 08:25:38 pm,391.500,24.4
03/18/2026 08:25:39 pm,392.000,24.4
03/18/2026 08:25:39 pm,392.500,24.4
03/18/2026 08:25:40 pm,393.000,24.4
03/18/2026 08:25:40 pm,393.500,24.4
03/18/2026 08:25:41 pm,394.000,24.4
03/18/2026 08:25:41 pm,394.500,24.4
03/18/2026 08:25:42 pm,395.000,24.4
03/18/2026 08:25:42 pm,395.500,24.4
03/18/2026 08:25:43 pm,396.000,24.4
03/18/2026 08:25:43 pm,396.500,24.4
03/18/2026 08:25:44 pm,397.000,24.4
03/18/2026 08:25:44 pm,397.500,24.4
03/18/2026 08:25:45 pm,398.000,24.4
03/18/2026 08:25:45 pm,398.500,24.4
03/18/2026 08:25:46 pm,399.000,24.4
03/18/2026 08:25:46 pm,399.500,24.4
03/18/2026 08:25:47 pm,400.000,24.4
03/18/2026 08:25:47 pm,400.500,24.4
03/18/2026 08:25:48 pm,401.000,24.4
03/18/2026 08:25:48 pm,401.500,24.4
03/18/2026 08:25:49 pm,402.000,24.4
03/18/2026 08:25:49 pm,402.500,24.4
03/18/2026 08:25:50 pm,403.000,24.4
03/18/2026 08:25:50 pm,403.500,24.4
03/18/2026 08:25:51 pm,404.000,24.4
03/18/2026 08:25:51 pm,404.500,24.4
03/18/2026 08:25:52 pm,405.000,24.4
03/18/2026 08:25:52 pm,405.500,24.4
03/18/2026 08:25:53 pm,406.000,24.4
03/18/2026 08:25:53 pm,406.500,24.4
03/18/2026 08:25:54 pm,407.000,24.4
03/18/2026 08:25:54 pm,407.500,24.4
03/18/2026 08:25:55 pm,408.000,24.4
03/18/2026 08:25:55 pm,408.500,24.4
03/18/2026 08:25:56 pm,409.000,24.4
03/18/2026 08:25:56 pm,409.500,24.4
03/18/2026 08:25:57 pm,410.000,24.4
03/18/2026 08:25:57 pm,410.500,24.4
03/18/2026 08:25:58 pm,411.000,24.4
03/18/2026 08:25:58 pm,411.500,24.4
03/18/2026 08:25:59 pm,412.000,24.4
03/18/2026 08:25:59 pm,412.500,24.4
03/18/2026 08:26:00 pm,413.000,24.4
03/18/2026 08:26:00 pm,413.500,24.4
03/18/2026 08:26:01 pm,414.000,24.4
03/18/2026 08:26:01 pm,414.500,24.4
03/18/2026 08:26:02 pm,415.000,24.4
03/18/2026 08:26:02 pm,415.500,24.4
03/18/2026 08:26:03 pm,416.000,24.4
03/18/2026 08:26:03 pm,416.500,24.4
03/18/2026 08:26:04 pm,417.000,24.4
03/18/2026 08:26:04 pm,417.500,24.4
03/18/2026 08:26:05 pm,418.000,24.4
03/18/2026 08:26:05 pm,418.500,24.4
03/18/2026 08:26:06 pm,419.000,24.4
03/18/2026 08:26:06 pm,419.500,24.4
03/18/2026 08:26:07 pm,420.000,24.4
03/18/2026 08:26:07 pm,420.500,24.4
03/18/2026 08:26:08 pm,421.000,24.4
03/18/2026 08:26:08 pm,421.500,24.4
03/18/2026 08:26:09 pm,422.000,24.4
03/18/2026 08:26:09 pm,422.500,24.3
03/18/2026 08:26:10 pm,423.000,24.4
03/18/2026 08:26:10 pm,423.500,24.4
03/18/2026 08:26:11 pm,424.000,24.4
03/18/2026 08:26:11 pm,424.500,24.4
03/18/2026 08:26:12 pm,425.000,24.4
03/18/2026 08:26:12 pm,425.500,24.4
03/18/2026 08:26:13 pm,426.000,24.4
03/18/2026 08:26:13 pm,426.500,24.4
03/18/2026 08:26:14 pm,427.000,24.4
03/18/2026 08:26:14 pm,427.500,24.4
03/18/2026 08:26:15 pm,428.000,24.4
03/18/2026 08:26:15 pm,428.500,24.4
03/18/2026 08:26:16 pm,429.000,24.4
03/18/2026 08:26:16 pm,429.500,24.4
03/18/2026 08:26:17 pm,430.000,24.4
03/18/2026 08:26:17 pm,430.500,24.4
03/18/2026 08:26:18 pm,431.000,24.4
03/18/2026 08:26:18 pm,431.500,24.4
03/18/2026 08:26:19 pm,432.000,24.4
03/18/2026 08:26:19 pm,432.500,24.4
03/18/2026 08:26:20 pm,433.000,24.4
03/18/2026 08:26:20 pm,433.500,24.4
03/18/2026 08:26:21 pm,434.000,24.4
03/18/2026 08:26:21 pm,434.500,24.4
03/18/2026 08:26:22 pm,435.000,24.4
03/18/2026 08:26:22 pm,435.500,24.4
03/18/2026 08:26:23 pm,436.000,24.4
03/18/2026 08:26:23 pm,436.500,24.4
03/18/2026 08:26:24 pm,437.000,24.4
03/18/2026 08:26:24 pm,437.500,24.4
03/18/2026 08:26:25 pm,438.000,24.4
03/18/2026 08:26:25 pm,438.500,24.4
03/18/2026 08:26:26 pm,439.000,24.4
03/18/2026 08:26:26 pm,439.500,24.4
03/18/2026 08:26:27 pm,440.000,24.4
03/18/2026 08:26:27 pm,440.500,24.4
03/18/2026 08:26:28 pm,441.000,24.4
03/18/2026 08:26:28 pm,441.500,24.4
03/18/2026 08:26:29 pm,442.000,24.4
03/18/2026 08:26:29 pm,442.500,24.4
03/18/2026 08:26:30 pm,443.000,24.4
03/18/2026 08:26:30 pm,443.500,24.4
03/18/2026 08:26:31 pm,444.000,24.4
03/18/2026 08:26:31 pm,444.500,24.4
03/18/2026 08:26:32 pm,445.000,24.4
03/18/2026 08:26:32 pm,445.500,24.4
03/18/2026 08:26:33 pm,446.000,24.4
03/18/2026 08:26:33 pm,446.500,24.4
03/18/2026 08:26:34 pm,447.000,24.4
03/18/2026 08:26:34 pm,447.500,24.4
03/18/2026 08:26:35 pm,448.000,24.4
03/18/2026 08:26:35 pm,448.500,24.4
03/18/2026 08:26:36 pm,449.000,24.4
03/18/2026 08:26:36 pm,449.500,24.4
03/18/2026 08:26:37 pm,450.000,24.4
03/18/2026 08:26:37 pm,450.500,24.4
03/18/2026 08:26:38 pm,451.000,24.4
03/18/2026 08:26:38 pm,451.500,24.4
03/18/2026 08:26:39 pm,452.000,24.4
03/18/2026 08:26:39 pm,452.500,24.4
03/18/2026 08:26:40 pm,453.000,24.4
03/18/2026 08:26:40 pm,453.500,24.4
03/18/2026 08:26:41 pm,454.000,24.4
03/18/2026 08:26:41 pm,454.500,24.4
03/18/2026 08:26:42 pm,455.000,24.4
03/18/2026 08:26:42 pm,455.500,24.4
03/18/2026 08:26:43 pm,456.000,24.4
03/18/2026 08:26:43 pm,456.500,24.4
03/18/2026 08:26:44 pm,457.000,24.4
03/18/2026 08:26:44 pm,457.500,24.4
03/18/2026 08:26:45 pm,458.000,24.4
03/18/2026 08:26:45 pm,458.500,24.4
03/18/2026 08:26:46 pm,459.000,24.4
03/18/2026 08:26:46 pm,459.500,24.4
03/18/2026 08:26:47 pm,460.000,24.4
03/18/2026 08:26:47 pm,460.500,24.4
03/18/2026 08:26:48 pm,461.000,24.4
03/18/2026 08:26:48 pm,461.500,24.4
03/18/2026 08:26:49 pm,462.000,24.4
03/18/2026 08:26:49 pm,462.500,24.4
03/18/2026 08:26:50 pm,463.000,24.4
03/18/2026 08:26:50 pm,463.500,24.4
03/18/2026 08:26:51 pm,464.000,24.4
03/18/2026 08:26:51 pm,464.500,24.4
03/18/2026 08:26:52 pm,465.000,24.4
03/18/2026 08:26:52 pm,465.500,24.4
03/18/2026 08:26:53 pm,466.000,24.4
03/18/2026 08:26:53 pm,466.500,24.4
03/18/2026 08:26:54 pm,467.000,24.4
03/18/2026 08:26:54 pm,467.500,24.4
03/18/2026 08:26:55 pm,468.000,24.4
03/18/2026 08:26:55 pm,468.500,24.4
03/18/2026 08:26:56 pm,469.000,24.4
03/18/2026 08:26:56 pm,469.500,24.4
03/18/2026 08:26:57 pm,470.000,24.4
03/18/2026 08:26:57 pm,470.500,24.4
03/18/2026 08:26:58 pm,471.000,24.4
03/18/2026 08:26:58 pm,471.500,24.4
03/18/2026 08:26:59 pm,472.000,24.4
03/18/2026 08:26:59 pm,472.500,24.4
03/18/2026 08:27:00 pm,473.000,24.4
03/18/2026 08:27:00 pm,473.500,24.4
03/18/2026 08:27:01 pm,474.000,24.4
03/18/2026 08:27:01 pm,474.500,24.4
03/18/2026 08:27:02 pm,475.000,24.4
03/18/2026 08:27:02 pm,475.500,24.4
03/18/2026 08:27:03 pm,476.000,24.4
03/18/2026 08:27:03 pm,476.500,24.4
03/18/2026 08:27:04 pm,477.000,24.4
03/18/2026 08:27:04 pm,477.500,24.4
03/18/2026 08:27:05 pm,478.000,24.4
03/18/2026 08:27:05 pm,478.500,24.4
03/18/2026 08:27:06 pm,479.000,24.4
03/18/2026 08:27:06 pm,479.500,24.4
03/18/2026 08:27:07 pm,480.000,24.4
03/18/2026 08:27:07 pm,480.500,24.4
03/18/2026 08:27:08 pm,481.000,24.4
03/18/2026 08:27:08 pm,481.500,24.4
03/18/2026 08:27:09 pm,482.000,24.4
03/18/2026 08:27:09 pm,482.500,24.4
03/18/2026 08:27:10 pm,483.000,24.4
03/18/2026 08:27:10 pm,483.500,24.4
03/18/2026 08:27:11 pm,484.000,24.4
03/18/2026 08:27:11 pm,484.500,24.4
03/18/2026 08:27:12 pm,485.000,24.4
03/18/2026 08:27:12 pm,485.500,24.4
03/18/2026 08:27:13 pm,486.000,24.4
03/18/2026 08:27:13 pm,486.500,24.4
03/18/2026 08:27:14 pm,487.000,24.4
03/18/2026 08:27:14 pm,487.500,24.4
03/18/2026 08:27:15 pm,488.000,24.4
03/18/2026 08:27:15 pm,488.500,24.4
03/18/2026 08:27:16 pm,489.000,24.4
03/18/2026 08:27:16 pm,489.500,24.4
03/18/2026 08:27:17 pm,490.000,24.4
03/18/2026 08:27:17 pm,490.500,24.4
03/18/2026 08:27:18 pm,491.000,24.4
03/18/2026 08:27:18 pm,491.500,24.4
03/18/2026 08:27:19 pm,492.000,24.4
03/18/2026 08:27:19 pm,492.500,24.4
03/18/2026 08:27:20 pm,493.000,24.4
03/18/2026 08:27:20 pm,493.500,24.4
03/18/2026 08:27:21 pm,494.000,24.4
03/18/2026 08:27:21 pm,494.500,24.4
03/18/2026 08:27:22 pm,495.000,24.4
03/18/2026 08:27:22 pm,495.500,24.4
03/18/2026 08:27:23 pm,496.000,24.4
03/18/2026 08:27:23 pm,496.500,24.4
03/18/2026 08:27:24 pm,497.000,24.4
03/18/2026 08:27:24 pm,497.500,24.4
03/18/2026 08:27:25 pm,498.000,24.4
03/18/2026 08:27:25 pm,498.500,24.4
03/18/2026 08:27:26 pm,499.000,24.4
03/18/2026 08:27:26 pm,499.500,24.4
03/18/2026 08:27:27 pm,500.000,24.4
03/18/2026 08:27:27 pm,500.500,24.4
03/18/2026 08:27:28 pm,501.000,24.4
03/18/2026 08:27:28 pm,501.500,24.4
03/18/2026 08:27:29 pm,502.000,24.4
03/18/2026 08:27:29 pm,502.500,24.4
03/18/2026 08:27:30 pm,503.000,24.4
03/18/2026 08:27:30 pm,503.500,24.4
03/18/2026 08:27:31 pm,504.000,24.4
03/18/2026 08:27:31 pm,504.500,24.4
03/18/2026 08:27:32 pm,505.000,24.4
03/18/2026 08:27:32 pm,505.500,24.4
03/18/2026 08:27:33 pm,506.000,24.4
03/18/2026 08:27:33 pm,506.500,24.4
03/18/2026 08:27:34 pm,507.000,24.4
03/18/2026 08:27:34 pm,507.500,24.4
03/18/2026 08:27:35 pm,508.000,24.4
03/18/2026 08:27:35 pm,508.500,24.4
03/18/2026 08:27:36 pm,509.000,24.4
03/18/2026 08:27:36 pm,509.500,24.4
03/18/2026 08:27:37 pm,510.000,24.4
03/18/2026 08:27:37 pm,510.500,24.4
03/18/2026 08:27:38 pm,511.000,24.4
03/18/2026 08:27:38 pm,511.500,24.4
03/18/2026 08:27:39 pm,512.000,24.4
03/18/2026 08:27:39 pm,512.500,24.4
03/18/2026 08:27:40 pm,513.000,24.4
03/18/2026 08:27:40 pm,513.500,24.4
03/18/2026 08:27:41 pm,514.000,24.4
03/18/2026 08:27:41 pm,514.500,24.4
03/18/2026 08:27:42 pm,515.000,24.4
03/18/2026 08:27:42 pm,515.500,24.4
03/18/2026 08:27:43 pm,516.000,24.4
03/18/2026 08:27:43 pm,516.500,24.4
03/18/2026 08:27:44 pm,517.000,24.4
03/18/2026 08:27:44 pm,517.500,24.4
03/18/2026 08:27:45 pm,518.000,24.4
03/18/2026 08:27:45 pm,518.500,24.4
03/18/2026 08:27:46 pm,519.000,24.4
03/18/2026 08:27:46 pm,519.500,24.4
03/18/2026 08:27:47 pm,520.000,24.4
03/18/2026 08:27:47 pm,520.500,24.4
03/18/2026 08:27:48 pm,521.000,24.4
03/18/2026 08:27:48 pm,521.500,24.4
03/18/2026 08:27:49 pm,522.000,24.4
03/18/2026 08:27:49 pm,522.500,24.4
03/18/2026 08:27:50 pm,523.000,24.4
03/18/2026 08:27:50 pm,523.500,24.4
03/18/2026 08:27:51 pm,524.000,24.4
03/18/2026 08:27:51 pm,524.500,24.4
03/18/2026 08:27:52 pm,525.000,24.4
03/18/2026 08:27:52 pm,525.500,24.4
03/18/2026 08:27:53 pm,526.000,24.4
03/18/2026 08:27:53 pm,526.500,24.4
03/18/2026 08:27:54 pm,527.000,24.4
03/18/2026 08:27:54 pm,527.500,24.4
03/18/2026 08:27:55 pm,528.000,24.4
03/18/2026 08:27:55 pm,528.500,24.4
03/18/2026 08:27:56 pm,529.000,24.4
03/18/2026 08:27:56 pm,529.500,24.4
03/18/2026 08:27:57 pm,530.000,24.4
03/18/2026 08:27:57 pm,530.500,24.4
03/18/2026 08:27:58 pm,531.000,24.4
03/18/2026 08:27:58 pm,531.500,24.4
03/18/2026 08:27:59 pm,532.000,24.4
03/18/2026 08:27:59 pm,532.500,24.4
03/18/2026 08:28:00 pm,533.000,24.4
03/18/2026 08:28:00 pm,533.500,24.4
03/18/2026 08:28:01 pm,534.000,24.4
03/18/2026 08:28:01 pm,534.500,24.4
03/18/2026 08:28:02 pm,535.000,24.4
03/18/2026 08:28:02 pm,535.500,24.4
03/18/2026 08:28:03 pm,536.000,24.4
03/18/2026 08:28:03 pm,536.500,24.4
03/18/2026 08:28:04 pm,537.000,24.4
03/18/2026 08:28:04 pm,537.500,24.4
03/18/2026 08:28:05 pm,538.000,24.4
03/18/2026 08:28:05 pm,538.500,24.4
03/18/2026 08:28:06 pm,539.000,24.4
03/18/2026 08:28:06 pm,539.500,24.4
03/18/2026 08:28:07 pm,540.000,24.4
03/18/2026 08:28:07 pm,540.500,24.4
03/18/2026 08:28:08 pm,541.000,24.4
03/18/2026 08:28:08 pm,541.500,24.4
03/18/2026 08:28:09 pm,542.000,24.4
03/18/2026 08:28:09 pm,542.500,24.4
03/18/2026 08:28:10 pm,543.000,24.4
03/18/2026 08:28:10 pm,543.500,24.4
03/18/2026 08:28:11 pm,544.000,24.4
03/18/2026 08:28:11 pm,544.500,24.4
03/18/2026 08:28:12 pm,545.000,24.4
03/18/2026 08:28:12 pm,545.500,24.4
03/18/2026 08:28:13 pm,546.000,24.4
03/18/2026 08:28:13 pm,546.500,24.4
03/18/2026 08:28:14 pm,547.000,24.4
03/18/2026 08:28:14 pm,547.500,24.4
03/18/2026 08:28:15 pm,548.000,24.4
03/18/2026 08:28:15 pm,548.500,24.4
03/18/2026 08:28:16 pm,549.000,24.4
03/18/2026 08:28:16 pm,549.500,24.4
03/18/2026 08:28:17 pm,550.000,24.4
03/18/2026 08:28:17 pm,550.500,24.4
03/18/2026 08:28:18 pm,551.000,24.4
03/18/2026 08:28:18 pm,551.500,24.4
03/18/2026 08:28:19 pm,552.000,24.4
03/18/2026 08:28:19 pm,552.500,24.4
03/18/2026 08:28:20 pm,553.000,24.4
03/18/2026 08:28:20 pm,553.500,24.4
03/18/2026 08:28:21 pm,554.000,24.4
03/18/2026 08:28:21 pm,554.500,24.4
03/18/2026 08:28:22 pm,555.000,24.4
03/18/2026 08:28:22 pm,555.500,24.4
03/18/2026 08:28:23 pm,556.000,24.4
03/18/2026 08:28:23 pm,556.500,24.4
03/18/2026 08:28:24 pm,557.000,24.4
03/18/2026 08:28:24 pm,557.500,24.4
03/18/2026 08:28:25 pm,558.000,24.4
03/18/2026 08:28:25 pm,558.500,24.4
03/18/2026 08:28:26 pm,559.000,24.4
03/18/2026 08:28:26 pm,559.500,24.4
03/18/2026 08:28:27 pm,560.000,24.4
03/18/2026 08:28:27 pm,560.500,24.4
03/18/2026 08:28:28 pm,561.000,24.4
03/18/2026 08:28:28 pm,561.500,24.4
03/18/2026 08:28:29 pm,562.000,24.4
03/18/2026 08:28:29 pm,562.500,24.4
03/18/2026 08:28:30 pm,563.000,24.4
03/18/2026 08:28:30 pm,563.500,24.4
03/18/2026 08:28:31 pm,564.000,24.4
03/18/2026 08:28:31 pm,564.500,24.4
03/18/2026 08:28:32 pm,565.000,24.4
03/18/2026 08:28:32 pm,565.500,24.4
03/18/2026 08:28:33 pm,566.000,24.4
03/18/2026 08:28:33 pm,566.500,24.4
03/18/2026 08:28:34 pm,567.000,24.4
03/18/2026 08:28:34 pm,567.500,24.4
03/18/2026 08:28:35 pm,568.000,24.4
03/18/2026 08:28:35 pm,568.500,24.4
03/18/2026 08:28:36 pm,569.000,24.4
03/18/2026 08:28:36 pm,569.500,24.4
03/18/2026 08:28:37 pm,570.000,24.4
03/18/2026 08:28:37 pm,570.500,24.4
03/18/2026 08:28:38 pm,571.000,24.4
03/18/2026 08:28:38 pm,571.500,24.4
03/18/2026 08:28:39 pm,572.000,24.4
03/18/2026 08:28:39 pm,572.500,24.4
03/18/2026 08:28:40 pm,573.000,24.4
03/18/2026 08:28:40 pm,573.500,24.4
03/18/2026 08:28:41 pm,574.000,24.4
03/18/2026 08:28:41 pm,574.500,24.4
03/18/2026 08:28:42 pm,575.000,24.4
03/18/2026 08:28:42 pm,575.500,24.4
03/18/2026 08:28:43 pm,576.000,24.4
03/18/2026 08:28:43 pm,576.500,24.3
03/18/2026 08:28:44 pm,577.000,24.4
03/18/2026 08:28:44 pm,577.500,24.4
03/18/2026 08:28:45 pm,578.000,24.4
03/18/2026 08:28:45 pm,578.500,24.4
03/18/2026 08:28:46 pm,579.000,24.4
03/18/2026 08:28:46 pm,579.500,24.4
03/18/2026 08:28:47 pm,580.000,24.4
03/18/2026 08:28:47 pm,580.500,24.4
03/18/2026 08:28:48 pm,581.000,24.4
03/18/2026 08:28:48 pm,581.500,24.4
03/18/2026 08:28:49 pm,582.000,24.4
03/18/2026 08:28:49 pm,582.500,24.4
03/18/2026 08:28:50 pm,583.000,24.4
03/18/2026 08:28:50 pm,583.500,24.4
03/18/2026 08:28:51 pm,584.000,24.4
03/18/2026 08:28:51 pm,584.500,24.4
03/18/2026 08:28:52 pm,585.000,24.4
03/18/2026 08:28:52 pm,585.500,24.4
03/18/2026 08:28:53 pm,586.000,24.4
03/18/2026 08:28:53 pm,586.500,24.4
03/18/2026 08:28:54 pm,587.000,24.4
03/18/2026 08:28:54 pm,587.500,24.4
03/18/2026 08:28:55 pm,588.000,24.4
03/18/2026 08:28:55 pm,588.500,24.4
03/18/2026 08:28:56 pm,589.000,24.4
03/18/2026 08:28:56 pm,589.500,24.4
03/18/2026 08:28:57 pm,590.000,24.4
03/18/2026 08:28:57 pm,590.500,24.4
03/18/2026 08:28:58 pm,591.000,24.4
03/18/2026 08:28:58 pm,591.500,24.4
03/18/2026 08:28:59 pm,592.000,24.4
03/18/2026 08:28:59 pm,592.500,24.4
03/18/2026 08:29:00 pm,593.000,24.4
03/18/2026 08:29:00 pm,593.500,24.4
03/18/2026 08:29:01 pm,594.000,24.4
03/18/2026 08:29:01 pm,594.500,24.4
03/18/2026 08:29:02 pm,595.000,24.4
03/18/2026 08:29:02 pm,595.500,24.4
03/18/2026 08:29:03 pm,596.000,24.4
03/18/2026 08:29:03 pm,596.500,24.4
03/18/2026 08:29:04 pm,597.000,24.4
03/18/2026 08:29:04 pm,597.500,24.4
03/18/2026 08:29:05 pm,598.000,24.4
03/18/2026 08:29:05 pm,598.500,24.4
03/18/2026 08:29:06 pm,599.000,24.4
03/18/2026 08:29:06 pm,599.500,24.4
03/18/2026 08:29:07 pm,600.000,24.4
03/18/2026 08:29:07 pm,600.500,24.4
03/18/2026 08:29:08 pm,601.000,24.4
03/18/2026 08:29:08 pm,601.500,24.4
03/18/2026 08:29:09 pm,602.000,24.4
03/18/2026 08:29:09 pm,602.500,24.4
03/18/2026 08:29:10 pm,603.000,24.4
03/18/2026 08:29:10 pm,603.500,24.4
03/18/2026 08:29:11 pm,604.000,24.4
03/18/2026 08:29:11 pm,604.500,24.4
